id,marca,nombre,codigo,desc,familia,talles,precio_uno,precio_tres,precio_cantidad

promo-pack-brigitte-lupe,Brigitte-Lupe,PROMO PACK Brigitte Lupe,03-1201,PROMO PACK Brigitte Lupe,Packs,UNICO,7000,7000,10000
promo-pack-brigitte-lupe,Brigitte-Lupe,PROMO PACK Brigitte Lupe,34-722,PROMO PACK Brigitte Lupe,Packs,UNICO,7000,7000,10000

promo-pack-rio-1,Rio,PROMO PACK RIO 1,1-30211,PROMO PACK RIO 1,Packs,UNICO,2660,3000,
promo-pack-rio-1,Rio,PROMO PACK RIO 1,1-30212,PROMO PACK RIO 1,Packs,UNICO,2660,3000,
promo-pack-rio-1,Rio,PROMO PACK RIO 1,1-30213,PROMO PACK RIO 1,Packs,UNICO,2660,3000,
promo-pack-rio-2,Rio,PROMO PACK RIO 2,1-30215,PROMO PACK RIO 2,Packs,UNICO,2500,3200,
promo-pack-rio-2,Rio,PROMO PACK RIO 2,1-30216,PROMO PACK RIO 2,Packs,UNICO,2500,3200,
promo-pack-rio-3,Rio,PROMO PACK RIO 3,1-30210,PROMO PACK RIO 3,Packs,UNICO,2800,3333.34,


promo-kaury-mallas-20-15,Kaury,PROMO MALLAS KAURY,29-569,PROMO MALLAS KAURY,Mallas,4|6|8|10,20000,15000,15000
promo-kaury-mallas-20-15,Kaury,PROMO MALLAS KAURY,29-570,PROMO MALLAS KAURY,Mallas,4|6|8|10,20000,15000,15000
promo-kaury-mallas-20-15,Kaury,PROMO MALLAS KAURY,29-607,PROMO MALLAS KAURY,Mallas,4|6|8|10|12,20000,15000,15000
promo-kaury-mallas-20-15,Kaury,PROMO MALLAS KAURY,29-554,PROMO MALLAS KAURY,Mallas,85|90|95|100,20000,15000,15000
promo-kaury-mallas-20-15,Kaury,PROMO MALLAS KAURY,29-587,PROMO MALLAS KAURY,Mallas,85|90|95|100,20000,15000,15000
promo-kaury-mallas-20-15,Kaury,PROMO MALLAS KAURY,29-588,PROMO MALLAS KAURY,Mallas,85|90|95|100,20000,15000,15000
promo-kaury-mallas-20-15,Kaury,PROMO MALLAS KAURY,29-520,PROMO MALLAS KAURY,Mallas,85|90|95|100,20000,15000,15000
promo-kaury-mallas-20-15,Kaury,PROMO MALLAS KAURY,29-521,PROMO MALLAS KAURY,Mallas,85|90|95|100,20000,15000,15000
promo-kaury-mallas-20-15,Kaury,PROMO MALLAS KAURY,29-597,PROMO MALLAS KAURY,Mallas,85|90|95|100,20000,15000,15000
promo-kaury-mallas-20-15,Kaury,PROMO MALLAS KAURY,29-598,PROMO MALLAS KAURY,Mallas,0|1|2|3|4,20000,15000,15000
promo-kaury-mallas-20-15,Kaury,PROMO MALLAS KAURY,29-601,PROMO MALLAS KAURY,Mallas,85|90|95|100,20000,15000,15000
promo-kaury-mallas-20-15,Kaury,PROMO MALLAS KAURY,29-608,PROMO MALLAS KAURY,Mallas,0|1|2|3|4,20000,15000,15000
promo-kaury-mallas-20-15,Kaury,PROMO MALLAS KAURY,29-557,PROMO MALLAS KAURY,Mallas,1|2|3|4|5,20000,15000,15000
promo-kaury-mallas-20-15,Kaury,PROMO MALLAS KAURY,29-572,PROMO MALLAS KAURY,Mallas,12|14|16|18,20000,15000,15000
promo-kaury-mallas-20-15,Kaury,PROMO MALLAS KAURY,29-575,PROMO MALLAS KAURY,Mallas,1|2|3|4,20000,15000,15000
promo-kaury-mallas-20-15,Kaury,PROMO MALLAS KAURY,29-577,PROMO MALLAS KAURY,Mallas,0|1|2|3|4,20000,15000,15000
promo-kaury-mallas-20-15,Kaury,PROMO MALLAS KAURY,29-581,PROMO MALLAS KAURY,Mallas,1|2|3|4,20000,15000,15000
promo-kaury-mallas-20-15,Kaury,PROMO MALLAS KAURY,29-594,PROMO MALLAS KAURY,Mallas,1|2|3|4,20000,15000,15000
promo-kaury-mallas-20-15,Kaury,PROMO MALLAS KAURY,29-590,PROMO MALLAS KAURY,Mallas,85|90|95|100|105|110,20000,15000,15000
promo-kaury-mallas-20-15,Kaury,PROMO MALLAS KAURY,29-602,PROMO MALLAS KAURY,Mallas,85|90|95|100,20000,15000,15000
promo-kaury-mallas-20-15,Kaury,PROMO MALLAS KAURY,29-606,PROMO MALLAS KAURY,Mallas,4|6|8|10|12,20000,15000,15000
promo-kaury-mallas-20-15,Kaury,PROMO MALLAS KAURY,29-609,PROMO MALLAS KAURY,Mallas,1|2|3|4,20000,15000,15000
promo-kaury-mallas-20-15,Kaury,PROMO MALLAS KAURY,29-610,PROMO MALLAS KAURY,Mallas,1|2|3|4,20000,15000,15000
promo-kaury-mallas-20-15,Kaury,PROMO MALLAS KAURY,29-611,PROMO MALLAS KAURY,Mallas,85|90|95|100,20000,15000,15000
promo-kaury-mallas-20-15,Kaury,PROMO MALLAS KAURY,29-612,PROMO MALLAS KAURY,Mallas,85|90|95|100,20000,15000,15000
promo-kaury-mallas-20-15,Kaury,PROMO MALLAS KAURY,29-613,PROMO MALLAS KAURY,Mallas,85|90|95|100|105|110,20000,15000,15000
promo-kaury-mallas-20-15,Kaury,PROMO MALLAS KAURY,29-614,PROMO MALLAS KAURY,Mallas,1|2|3|4,20000,15000,15000
promo-kaury-mallas-20-15,Kaury,PROMO MALLAS KAURY,29-625,PROMO MALLAS KAURY,Mallas,1|2|3|4,20000,15000,15000
promo-kaury-mallas-20-15,Kaury,PROMO MALLAS KAURY,29-627,PROMO MALLAS KAURY,Mallas,85|90|95|100,20000,15000,15000
promo-kaury-mallas-20-15,Kaury,PROMO MALLAS KAURY,29-628,PROMO MALLAS KAURY,Mallas,85|90|95|100,20000,15000,15000
promo-kaury-mallas-20-15,Kaury,PROMO MALLAS KAURY,29-626,PROMO MALLAS KAURY,Mallas,85|90|95|100,20000,15000,15000
promo-kaury-mallas-20-15,Kaury,PROMO MALLAS KAURY,29-629,PROMO MALLAS KAURY,Mallas,85|90|95|100,20000,15000,15000

promo-elemento-nena-mallas-20-15,Elemento,PROMO MALLAS ELEMENTO NENA,1-9361,PROMO MALLAS ELEMENTO NENA,Mallas,2|4|6|8|10|12,20000,15000,15000

promo-kiero-nena-mallas-20-15,Kiero,PROMO MALLAS KIERO NENA,1-9800,PROMO MALLAS KIERO NENA,Mallas,2|4|6|8|10|12|14|16|18,20000,15000,15000

promo-elemento-juvenil-mallas-20,Elemento,PROMO MALLAS ELEMENTO JUVENIL,1-9362,PROMO MALLAS ELEMENTO JUVENIL,Mallas,1|2|3,20000,20000,20000


promo-pack2-colaless-starry,Starry,PROMO PACK X 2 COLALESS STARRY,1-3291,PROMO PACK X 2 COLALESS STARRY,Bombachas,UNICO,4000,2500,2500

promo-cocot-medias-2-5,Cocot,PROMO MEDIAS COCOT,40-3343,PROMO MEDIAS COCOT,Medias,TU,2000,1666.67,5000
promo-cocot-medias-2-5,Cocot,PROMO MEDIAS COCOT,40-3339,PROMO MEDIAS COCOT,Medias,TU,2000,1666.67,5000
promo-cocot-medias-2-5,Cocot,PROMO MEDIAS COCOT,40-3318,PROMO MEDIAS COCOT,Medias,TU,2000,1666.67,5000
promo-cocot-medias-2-5,Cocot,PROMO MEDIAS COCOT,40-3261,PROMO MEDIAS COCOT,Medias,TU,2000,1666.67,5000
promo-cocot-medias-2-5,Cocot,PROMO MEDIAS COCOT,40-3036.3,PROMO MEDIAS COCOT,Medias,TU,2000,1666.67,5000
promo-cocot-medias-2-5,Cocot,PROMO MEDIAS COCOT,40-3223.3,PROMO MEDIAS COCOT,Medias,TU,2000,1666.67,5000
promo-cocot-medias-2-5,Cocot,PROMO MEDIAS COCOT,40-3253.3,PROMO MEDIAS COCOT,Medias,TU,2000,1666.67,5000


promo-disney-nena-mallas-30,Disney,PROMO MALLAS DISNEY NENA,40-20900,PROMO MALLAS DISNEY NENA,Mallas,2|4|6|8,30000,30000,30000
promo-disney-nena-mallas-30,Disney,PROMO MALLAS DISNEY NENA,40-20901,PROMO MALLAS DISNEY NENA,Mallas,2|4|6|8,30000,30000,30000
promo-disney-nena-mallas-30,Disney,PROMO MALLAS DISNEY NENA,40-20902,PROMO MALLAS DISNEY NENA,Mallas,2|4|6|8,30000,30000,30000
promo-disney-nena-mallas-30,Disney,PROMO MALLAS DISNEY NENA,40-20904,PROMO MALLAS DISNEY NENA,Mallas,2|4|6|8,30000,30000,30000
promo-disney-nena-mallas-30,Disney,PROMO MALLAS DISNEY NENA,40-20905,PROMO MALLAS DISNEY NENA,Mallas,2|4|6|8,30000,30000,30000
promo-disney-nena-mallas-30,Disney,PROMO MALLAS DISNEY NENA,40-20906,PROMO MALLAS DISNEY NENA,Mallas,2|4|6|8,30000,30000,30000
promo-disney-nena-mallas-30,Disney,PROMO MALLAS DISNEY NENA,40-20911,PROMO MALLAS DISNEY NENA,Mallas,2|4|6|8,30000,30000,30000
promo-disney-nena-mallas-30,Disney,PROMO MALLAS DISNEY NENA,40-20913,PROMO MALLAS DISNEY NENA,Mallas,2|4|6|8,30000,30000,30000
promo-disney-nena-mallas-30,Disney,PROMO MALLAS DISNEY NENA,40-20917,PROMO MALLAS DISNEY NENA,Mallas,2|4|6|8,30000,30000,30000
promo-disney-nena-mallas-30,Disney,PROMO MALLAS DISNEY NENA,40-20918,PROMO MALLAS DISNEY NENA,Mallas,2|4|6|8,30000,30000,30000
promo-disney-nena-mallas-30,Disney,PROMO MALLAS DISNEY NENA,40-20919,PROMO MALLAS DISNEY NENA,Mallas,2|4|6|8,30000,30000,30000
promo-disney-nena-mallas-30,Disney,PROMO MALLAS DISNEY NENA,40-20920,PROMO MALLAS DISNEY NENA,Mallas,2|4|6|8,30000,30000,30000
promo-disney-nena-mallas-30,Disney,PROMO MALLAS DISNEY NENA,40-20923,PROMO MALLAS DISNEY NENA,Mallas,2|4|6|8,30000,30000,30000
promo-disney-nena-mallas-30,Disney,PROMO MALLAS DISNEY NENA,40-20925,PROMO MALLAS DISNEY NENA,Mallas,2|4|6|8,30000,30000,30000
promo-disney-nena-mallas-30,Disney,PROMO MALLAS DISNEY NENA,40-20927,PROMO MALLAS DISNEY NENA,Mallas,2|4|6|8,30000,30000,30000
promo-disney-nena-mallas-30,Disney,PROMO MALLAS DISNEY NENA,40-20928,PROMO MALLAS DISNEY NENA,Mallas,2|4|6|8,30000,30000,30000
promo-disney-nena-mallas-30,Disney,PROMO MALLAS DISNEY NENA,40-20930,PROMO MALLAS DISNEY NENA,Mallas,2|4|6|8,30000,30000,30000



promo-andressa-mallas-bolsitas-15,Andressa,MALLAS ANDRESSA EN BOLSITAS,1-9501,MALLAS ANDRESSA EN BOLSITAS,Mallas,85|90|95|100|105|110||115|120,15000,15000,15000

promo-bilbao-short-15,Bilbao,PROMO SHORT BILBAO,97-24424,PROMO SHORT BILBAO,Short,S|M|L|XL|XXL,15000,15000,15000
promo-bilbao-short-15,Bilbao,PROMO SHORT BILBAO,97-24424E,PROMO SHORT BILBAO,Short,5|6|7|8,15000,15000,15000
promo-bilbao-short-15,Bilbao,PROMO SHORT BILBAO,97-24425,PROMO SHORT BILBAO,Short,2|4|6|8|10,15000,15000,15000
promo-bilbao-short-15,Bilbao,PROMO SHORT BILBAO,97-24425E,PROMO SHORT BILBAO,Short,12|14|16|18,15000,15000,15000



promo-boxer-g3-estampados-85-75-57,G3,PROMO BOXER G3,03-3900,PROMO BOXER ESTAMPADOS G3,Boxer Estampados,S|M|L|XL|XXL,8500,7500,5700
promo-boxer-g3-estampados-85-75-57,G3,PROMO BOXER G3,03-3223,PROMO BOXER ESTAMPADOS G3,Boxer Estampados,S|M|L|XL|XXL,8500,7500,5700
promo-boxer-g3-estampados-85-75-57,G3,PROMO BOXER G3,03-3203,PROMO BOXER ESTAMPADOS G3,Boxer Estampados,S|M|L|XL|XXL,8500,7500,5700
promo-boxer-g3-estampados-85-75-57,G3,PROMO BOXER G3,03-3806,PROMO BOXER ESTAMPADOS G3,Boxer Estampados,S|M|L|XL|XXL,8500,7500,5700
promo-boxer-g3-estampados-85-75-57,G3,PROMO BOXER G3,03-3237,PROMO BOXER ESTAMPADOS G3,Boxer Estampados,S|M|L|XL|XXL,8500,7500,5700
promo-boxer-g3-estampados-85-75-57,G3,PROMO BOXER G3,03-3225,PROMO BOXER ESTAMPADOS G3,Boxer Estampados,S|M|L|XL|XXL,8500,7500,5700
promo-boxer-g3-estampados-85-75-57,G3,PROMO BOXER G3,03-3241,PROMO BOXER ESTAMPADOS G3,Boxer Estampados,S|M|L|XL|XXL,8500,7500,5700
promo-boxer-g3-estampados-85-75-57,G3,PROMO BOXER G3,03-3227,PROMO BOXER ESTAMPADOS G3,Boxer Estampados,S|M|L|XL|XXL,8500,7500,5700
promo-boxer-g3-estampados-85-75-57,G3,PROMO BOXER G3,50-3039,PROMO BOXER ESTAMPADOS G3,Boxer Estampados,S|M|L|XL|XXL,8500,7500,5700
promo-boxer-lisos-g3-75-65-55,G3,PROMO BOXER LISOS G3 – BAKHOU – RÍO – NATUBEL,03-3100,PROMO BOXER LISOS G3,Boxer Lisos,S|M|L|XL|XXL,7500,6500,5500
promo-boxer-lisos-g3-75-65-55,G3,PROMO BOXER LISOS G3 – BAKHOU – RÍO – NATUBEL,03-3200,PROMO BOXER LISOS G3,Boxer Lisos,S|M|L|XL|XXL,7500,6500,5500
promo-boxer-lisos-g3-75-65-55,Bakhou,PROMO BOXER LISOS G3 – BAKHOU – RÍO – NATUBEL,38-10,PROMO BOXER LISOS BAKHOU,Boxer Lisos,S|M|L|XL|XXL,7500,6500,5500
promo-boxer-lisos-g3-75-65-55,Natubel,PROMO BOXER LISOS G3 – BAKHOU – RÍO – NATUBEL,38-11,PROMO BOXER LISOS NATUBEL,Boxer Lisos,S|M|L|XL|XXL,7500,6500,5500
promo-boxer-lisos-g3-75-65-55,G3,PROMO BOXER LISOS G3 – BAKHOU – RÍO – NATUBEL,03-3390,PROMO BOXER LISOS G3,Boxer Lisos,S|M|L|XL|XXL,7500,6500,5500
promo-boxer-lisos-g3-75-65-55,G3,PROMO BOXER LISOS G3 – BAKHOU – RÍO – NATUBEL,03-3300,PROMO BOXER LISOS G3,Boxer Lisos,S|M|L|XL|XXL,7500,6500,5500
promo-boxer-lisos-g3-75-65-55,Rio,PROMO BOXER LISOS G3 – BAKHOU – RÍO – NATUBEL,1-5048,PROMO BOXER LISOS RIO,Boxer Lisos,S|M|L|XL|XXL,7500,6500,5500
promo-boxer-lisos-g3-75-65-55,G3,PROMO BOXER LISOS G3 – BAKHOU – RÍO – NATUBEL,1-5032,PROMO BOXER LISOS G3,Boxer Lisos,S|M|L|XL|XXL,7500,6500,5500
promo-boxer-lisos-g3-75-65-55,G3,PROMO BOXER LISOS G3 – BAKHOU – RÍO – NATUBEL,50-3029,PROMO BOXER LISOS G3,Boxer Lisos,S|M|L|XL|XXL,7500,6500,5500
promo-boxer-lisos-g3-75-65-55,G3,PROMO BOXER LISOS G3 – BAKHOU – RÍO – NATUBEL,20-2071,PROMO BOXER LISOS G3,Boxer Lisos,S|M|L|XL|XXL,7500,6500,5500
promo-boxer-lisos-g3-75-65-55,G3,PROMO BOXER LISOS G3 – BAKHOU – RÍO – NATUBEL,20-2074,PROMO BOXER LISOS G3,Boxer Lisos,S|M|L|XL|XXL,7500,6500,5500
promo-boxer-lisos-g3-75-65-55,G3,PROMO BOXER LISOS G3 – BAKHOU – RÍO – NATUBEL,20-2045,PROMO BOXER LISOS G3,Boxer Lisos,S|M|L|XL|XXL,7500,6500,5500
promo-boxer-lisos-g3-75-65-55,G3,PROMO BOXER LISOS G3 – BAKHOU – RÍO – NATUBEL,20-2041,PROMO BOXER LISOS G3,Boxer Lisos,S|M|L|XL|XXL,7500,6500,5500
promo-boxer-lisos-g3-75-65-55,G3,PROMO BOXER LISOS G3 – BAKHOU – RÍO – NATUBEL,20-2221,PROMO BOXER LISOS G3,Boxer Lisos,S|M|L|XL|XXL,7500,6500,5500
promo-slip-g3-45-4-3,G3,PROMO SLIP G3,03-3401,PROMO SLIP G3,Slip,2|3|4|5|6|7|8|9|10,4500,4000,3000

promo-slip-g3-03-3400,G3,PROMO SLIP G3,03-3400,PROMO SLIP G3,Slip,2|3|4|5|6|7|8|9|10,8000,6500,5000

promo-boxer-ninos-g3-47-39,G3,PROMO BOXER LISO NIÑOS G3,1-2070,PROMO BOXER LISO NIÑOS G3,Boxer Niños,4|6|8|10|12|14,4700,3930,3930
promo-boxer-ninos-g3-47-39,G3,PROMO BOXER LISO NIÑOS G3,03-5107,PROMO BOXER LISO NIÑOS G3,Boxer Niños,4|6|8|10|12|14,4700,3930,3930
promo-boxer-ninos-g3-47-39,G3,PROMO BOXER LISO NIÑOS G3,03-5106,PROMO BOXER LISO NIÑOS G3,Boxer Niños,4|6|8|10|12|14,4700,3930,3930

pack-rosa-maxima-seduccion,MÁXIMA SEDUCCIÓN,PACK ROSA – PROMO MÁXIMA SEDUCCIÓN,13-2027,Pack Rosa,PACK,ÚNICO,3500,3500,3500



corpiño-silicona,SILICONA,CORPIÑOS DE SILICONA,1-8460,CORPIÑOS DE SILICONA,Corpiño,A-PIEL|B-PIEL|C-PIEL|D-PIEL|A-NEGRO|B-NEGRO|C-NEGRO|D-NEGRO,6960,6960,6960

promo-mk-conjuntos-12,MK,PROMO CONJUNTOS MK,28-OF1001,PROMO CONJUNTOS MK,Conjuntos,85|90|95|100|105,12000,12000,12000







promo-dufour-boxer-45-3333-3,Dufour,PROMO BOXER DUFOUR,21-11831,PROMO BOXER DUFOUR,Boxer,S|M|L|XL|XXL,4500,3333.34,3000
promo-dufour-boxer-45-3333-3,Dufour,PROMO BOXER DUFOUR,21-11788,PROMO BOXER DUFOUR,Boxer,S|M|L|XL|XXL,4500,3333.34,3000
promo-dufour-boxer-45-3333-3,Dufour,PROMO BOXER DUFOUR,21-11971,PROMO BOXER DUFOUR,Boxer,S|M|L|XL|XXL,4500,3333.34,3000
promo-dufour-boxer-45-3333-3,Dufour,PROMO BOXER DUFOUR,59-185,PROMO BOXER DUFOUR,Boxer,S|M|L|XL|XXL,4500,3333.34,3000
promo-dufour-boxer-45-3333-3,Dufour,PROMO BOXER DUFOUR,21-11812,PROMO BOXER DUFOUR,Boxer,S|M|L|XL|XXL,4500,3333.34,3000
promo-dufour-boxer-45-3333-3,Dufour,PROMO BOXER DUFOUR,21-11855,PROMO BOXER DUFOUR,Boxer,S|M|L|XL|XXL,4500,3333.34,3000



promo-acrobata-boxer-10-8-7,Acrobata,PROMO BOXER ACROBATA,49-5034,PROMO BOXER ACROBATA,Boxer,S|M|L|XL|XXL,10000,8000,7000
promo-acrobata-boxer-10-8-7,Acrobata,PROMO BOXER ACROBATA,49-5048,PROMO BOXER ACROBATA,Boxer,S|M|L|XL|XXL,10000,8000,7000
promo-acrobata-boxer-10-8-7,Acrobata,PROMO BOXER ACROBATA,49-5051,PROMO BOXER ACROBATA,Boxer,S|M|L|XL|XXL,10000,8000,7000
promo-acrobata-boxer-10-8-7,Acrobata,PROMO BOXER ACROBATA,49-5056,PROMO BOXER ACROBATA,Boxer,S|M|L|XL|XXL,10000,8000,7000
promo-acrobata-boxer-10-8-7,Acrobata,PROMO BOXER ACROBATA,49-5061,PROMO BOXER ACROBATA,Boxer,S|M|L|XL|XXL,10000,8000,7000
promo-acrobata-boxer-10-8-7,Acrobata,PROMO BOXER ACROBATA,49-5072,PROMO BOXER ACROBATA,Boxer,S|M|L|XL|XXL,10000,8000,7000
promo-acrobata-boxer-10-8-7,Acrobata,PROMO BOXER ACROBATA,49-5076,PROMO BOXER ACROBATA,Boxer,S|M|L|XL|XXL,10000,8000,7000
promo-acrobata-boxer-10-8-7,Acrobata,PROMO BOXER ACROBATA,49-5087,PROMO BOXER ACROBATA,Boxer,S|M|L|XL|XXL,10000,8000,7000
promo-acrobata-boxer-10-8-7,Acrobata,PROMO BOXER ACROBATA,49-5139,PROMO BOXER ACROBATA,Boxer,S|M|L|XL|XXL,10000,8000,7000
promo-acrobata-boxer-10-8-7,Acrobata,PROMO BOXER ACROBATA,49-5118,PROMO BOXER ACROBATA,Boxer,S|M|L|XL|XXL,10000,8000,7000
promo-acrobata-boxer-10-8-7,Acrobata,PROMO BOXER ACROBATA,49-5063,PROMO BOXER ACROBATA,Boxer,S|M|L|XL|XXL,10000,8000,7000


promo-dufour-boxer-10-8-7,Dufour,PROMO BOXER DUFOUR,21-12058,PROMO BOXER DUFOUR,Boxer,S|M|L|XL|XXL,10000,8000,7000


promo-dufour-boxer-docena-36,Dufour,PROMO BOXER DUFOUR POR DOCENA,21-11812.9,PROMO BOXER DUFOUR POR DOCENA,Boxer por docena,S|M|L|XL|XXL,36000,36000,36000
promo-dufour-boxer-docena-36,Dufour,PROMO BOXER DUFOUR POR DOCENA,21-11788.9,PROMO BOXER DUFOUR POR DOCENA,Boxer por docena,S|M|L|XL|XXL,36000,36000,36000
promo-dufour-boxer-docena-36,Dufour,PROMO BOXER DUFOUR POR DOCENA,21-11737.9,PROMO BOXER DUFOUR POR DOCENA,Boxer por docena,S|M|L|XL|XXL,36000,36000,36000

promo-aghata-mallas-9-18,Aghatta,PROMO MALLAS AGHATTA,1-9101,PROMO MALLAS AGHATTA,Mallas,1|2|3|4,9000,9000,18000

promo-tom-dufour-boxer-5-4-3,Tom,PROMO BOXER TOM – DUFOUR,48-5103,PROMO BOXER TOM – DUFOUR,Boxer,S|M|L|XL|XXL,5000,4000,3000
promo-tom-dufour-boxer-5-4-3,Tom,PROMO BOXER TOM – DUFOUR,48-5114,PROMO BOXER TOM – DUFOUR,Boxer,S|M|L|XL|XXL,5000,4000,3000
promo-tom-dufour-boxer-5-4-3,Dufour,PROMO BOXER TOM – DUFOUR,21-11928,PROMO BOXER TOM – DUFOUR,Boxer,S|M|L|XL|XXL,5000,4000,3000
promo-tom-dufour-boxer-5-4-3,Dufour,PROMO BOXER TOM – DUFOUR,21-11784,PROMO BOXER TOM – DUFOUR,Boxer,S|M|L|XL|XXL,5000,4000,3000
promo-tom-dufour-boxer-5-4-3,Dufour,PROMO BOXER TOM – DUFOUR,21-11738,PROMO BOXER TOM – DUFOUR,Boxer,S|M|L|XL|XXL,5000,4000,3000
promo-tom-dufour-boxer-5-4-3,Dufour,PROMO BOXER TOM – DUFOUR,21-11751,PROMO BOXER TOM – DUFOUR,Boxer,S|M|L|XL|XXL,5000,4000,3000
promo-tom-dufour-boxer-5-4-3,Dufour,PROMO BOXER TOM – DUFOUR,21-11763,PROMO BOXER TOM – DUFOUR,Boxer,S|M|L|XL|XXL,5000,4000,3000
promo-tom-dufour-boxer-5-4-3,Dufour,PROMO BOXER TOM – DUFOUR,21-11814,PROMO BOXER TOM – DUFOUR,Boxer,S|M|L|XL|XXL,5000,4000,3000
promo-tom-dufour-boxer-5-4-3,Dufour,PROMO BOXER TOM – DUFOUR,21-11890,PROMO BOXER TOM – DUFOUR,Boxer,S|M|L|XL|XXL,5000,4000,3000




promo-conjunto-armado-10-7,RIO,PROMO CONJUNTO ARMADO,1-1504,PROMO CONJUNTO ARMADO,Conjunto Armado,85|90|95|100|105,10000,7000,7000




promo-conjuntos-armados-9-18,RIO,PROMO CONJUNTOS ARMADOS,1-1503,PROMO CONJUNTOS ARMADOS,Conjuntos Armados,85|90|95|100|105,9000,9000,18000
promo-conjuntos-armados-9-18,RIO,PROMO CONJUNTOS ARMADOS,1-1502,PROMO CONJUNTOS ARMADOS,Conjuntos Armados,85|90|95|100|105,9000,9000,18000




maia-rio-pack-bombachas-12,MAIA,PROMO MAIA – RÍO (Pack Bombachas),23-100,Pack bombachas,PACK,ÚNICO,3500,3000,2660
maia-rio-pack-bombachas-12,MAIA,PROMO MAIA – RÍO (Pack Bombachas),23-200,Pack bombachas,PACK,ÚNICO,3500,3000,2660
maia-rio-pack-bombachas-12,MAIA,PROMO MAIA – RÍO (Pack Bombachas),23-300,Pack bombachas,PACK,ÚNICO,3500,3000,2660

maia-kids-conjuntos,MAIA KIDS,PROMO CONJUNTOS NENA MAIA,23-2100,Conjunto nena MAIA,Conjuntos Kids,6|8|10|12|14,7000,6000,4790
maia-kids-conjuntos,MAIA KIDS,PROMO CONJUNTOS NENA MAIA,23-2150,Conjunto nena MAIA,Conjuntos Kids,6|8|10|12|14,7000,6000,4790
maia-kids-conjuntos,MAIA KIDS,PROMO CONJUNTOS NENA MAIA,23-3200,Conjunto nena MAIA,Conjuntos Kids,6|8|10|12|14,7000,6000,4790
maia-kids-conjuntos,MAIA KIDS,PROMO CONJUNTOS NENA MAIA,23-4300,Conjunto nena MAIA,Conjuntos Kids,6|8|10|12|14,7000,6000,4790
maia-kids-conjuntos,MAIA KIDS,PROMO CONJUNTOS NENA MAIA,23-3250,Conjunto nena MAIA,Conjuntos Kids,6|8|10|12|14,7000,6000,4790
maia-kids-conjuntos,MAIA KIDS,PROMO CONJUNTOS NENA MAIA,23-4350N,Conjunto nena MAIA,Conjuntos Kids,6|8|10|12|14,7000,6000,4790
maia-kids-pack-bombachas,MAIA KIDS,PROMOBOMBACHAS KIDS MAIA,23-0100,Pack bombachas nena,PACK Kids,6|8|10|12|14,8000,6000,6000
maia-kids-pack,MAIA KIDS,PACK – NENA MAIA,23-110,Pack dama,PACK ,U|,5000,3000,3000
maia-kids-pack,MAIA KIDS,PACK – NENA MAIA,23-210,Pack dama,PACK ,U|,5000,3000,3000




mk-medias-2500-1800,MK,PROMO MEDIAS MK,28-6000,Media MK,Medias,ÚNICO,2500,1800,1800
mk-medias-2500-1800,MK,PROMO MEDIAS MK,28-6045,Media MK,Medias,ÚNICO,2500,1800,1800
mk-medias-2500-1800,MK,PROMO MEDIAS MK,28-6047,Media MK,Medias,ÚNICO,2500,1800,1800
mk-medias-2500-1800,MK,PROMO MEDIAS MK,28-6054,Media MK,Medias,ÚNICO,2500,1800,1800
mk-medias-2500-1800,MK,PROMO MEDIAS MK,28-6055,Media MK,Medias,ÚNICO,2500,1800,1800
mk-medias-2500-1800,MK,PROMO MEDIAS MK,28-6070,Media MK,Medias,ÚNICO,2500,1800,1800
mk-medias-2500-1800,MK,PROMO MEDIAS MK,28-6075,Media MK,Medias,ÚNICO,2500,1800,1800
mk-medias-2500-1800,MK,PROMO MEDIAS MK,28-6084,Media MK,Medias,ÚNICO,2500,1800,1800
mk-medias-2500-1800,MK,PROMO MEDIAS MK,28-6200,Media MK,Medias,ÚNICO,2500,1800,1800
mk-medias-2500-1800,MK,PROMO MEDIAS MK,28-62100,Media MK,Medias,ÚNICO,2500,1800,1800
mk-medias-2500-1800,MK,PROMO MEDIAS MK,28-62100.1,Media MK,Medias,ÚNICO,2500,1800,1800
mk-medias-2500-1800,MK,PROMO MEDIAS MK,28-62100.2,Media MK,Medias,ÚNICO,2500,1800,1800
mk-medias-2500-1800,MK,PROMO MEDIAS MK,28-62100.3,Media MK,Medias,ÚNICO,2500,1800,1800
mk-medias-2500-1800,MK,PROMO MEDIAS MK,28-62100.4,Media MK,Medias,ÚNICO,2500,1800,1800
mk-medias-2500-1800,MK,PROMO MEDIAS MK,28-62102,Media MK,Medias,ÚNICO,2500,1800,1800
mk-medias-2500-1800,MK,PROMO MEDIAS MK,28-62102.1,Media MK,Medias,ÚNICO,2500,1800,1800
mk-medias-2500-1800,MK,PROMO MEDIAS MK,28-62102.2,Media MK,Medias,ÚNICO,2500,1800,1800
mk-medias-2500-1800,MK,PROMO MEDIAS MK,28-62102.3,Media MK,Medias,ÚNICO,2500,1800,1800
mk-medias-2500-1800,MK,PROMO MEDIAS MK,28-62102.4,Media MK,Medias,ÚNICO,2500,1800,1800
mk-medias-2500-1800,MK,PROMO MEDIAS MK,28-62102.5,Media MK,Medias,ÚNICO,2500,1800,1800
mk-medias-2500-1800,MK,PROMO MEDIAS MK,28-62102.6,Media MK,Medias,ÚNICO,2500,1800,1800
mk-medias-2500-1800,MK,PROMO MEDIAS MK,28-62102.7,Media MK,Medias,ÚNICO,2500,1800,1800
mk-medias-2500-1800,MK,PROMO MEDIAS MK,28-62102.8,Media MK,Medias,ÚNICO,2500,1800,1800
mk-medias-2500-1800,MK,PROMO MEDIAS MK,28-62102.9,Media MK,Medias,ÚNICO,2500,1800,1800
mk-medias-2500-1800,MK,PROMO MEDIAS MK,28-62102.10,Media MK,Medias,ÚNICO,2500,1800,1800
mk-medias-2500-1800,MK,PROMO MEDIAS MK,28-62102.11,Media MK,Medias,ÚNICO,2500,1800,1800
mk-medias-2500-1800,MK,PROMO MEDIAS MK,28-62103,Media MK,Medias,ÚNICO,2500,1800,1800
mk-medias-2500-1800,MK,PROMO MEDIAS MK,28-62103.1,Media MK,Medias,ÚNICO,2500,1800,1800
mk-medias-2500-1800,MK,PROMO MEDIAS MK,28-62103.2,Media MK,Medias,ÚNICO,2500,1800,1800
mk-medias-2500-1800,MK,PROMO MEDIAS MK,28-62104,Media MK,Medias,ÚNICO,2500,1800,1800
mk-medias-2500-1800,MK,PROMO MEDIAS MK,28-62104.1,Media MK,Medias,ÚNICO,2500,1800,1800
mk-medias-2500-1800,MK,PROMO MEDIAS MK,28-62104.2,Media MK,Medias,ÚNICO,2500,1800,1800
mk-medias-2500-1800,MK,PROMO MEDIAS MK,28-62104.3,Media MK,Medias,ÚNICO,2500,1800,1800
mk-medias-2500-1800,MK,PROMO MEDIAS MK,28-62104.4,Media MK,Medias,ÚNICO,2500,1800,1800
mk-medias-2500-1800,MK,PROMO MEDIAS MK,28-62105,Media MK,Medias,ÚNICO,2500,1800,1800
mk-medias-2500-1800,MK,PROMO MEDIAS MK,28-62105.1,Media MK,Medias,ÚNICO,2500,1800,1800
mk-medias-2500-1800,MK,PROMO MEDIAS MK,28-62105.2,Media MK,Medias,ÚNICO,2500,1800,1800
mk-medias-2500-1800,MK,PROMO MEDIAS MK,28-62105.3,Media MK,Medias,ÚNICO,2500,1800,1800
mk-medias-2500-1800,MK,PROMO MEDIAS MK,28-62105.4,Media MK,Medias,ÚNICO,2500,1800,1800
mk-medias-2500-1800,MK,PROMO MEDIAS MK,28-62114,Media MK,Medias,ÚNICO,2500,1800,1800
mk-medias-2500-1800,MK,PROMO MEDIAS MK,28-62114.1,Media MK,Medias,ÚNICO,2500,1800,1800
mk-medias-2500-1800,MK,PROMO MEDIAS MK,28-62114.2,Media MK,Medias,ÚNICO,2500,1800,1800
mk-medias-2500-1800,MK,PROMO MEDIAS MK,28-62114.3,Media MK,Medias,ÚNICO,2500,1800,1800
mk-medias-2500-1800,MK,PROMO MEDIAS MK,28-6244,Media MK,Medias,ÚNICO,2500,1800,1800
mk-medias-2500-1800,MK,PROMO MEDIAS MK,28-62112.1,Media MK,Medias,ÚNICO,2500,1800,1800
mk-medias-2500-1800,MK,PROMO MEDIAS MK,28-62112.3,Media MK,Medias,ÚNICO,2500,1800,1800
mk-medias-2500-1800,MK,PROMO MEDIAS MK,28-62112.5,Media MK,Medias,ÚNICO,2500,1800,1800
mk-medias-2500-1800,MK,PROMO MEDIAS MK,28-6276,Media MK,Medias,ÚNICO,2500,1800,1800

mk-conjuntos-8000,MK,PROMO CONJUNTOS MK 8.000,28-5536,Conjunto MK,Conjuntos,85|90|95|100,8000,8000,8000
mk-conjuntos-8000,MK,PROMO CONJUNTOS MK 8.000,28-5675,Conjunto MK,Conjuntos,85|90|95|100,8000,8000,8000
mk-conjuntos-8000,MK,PROMO CONJUNTOS MK 8.000,28-5568,Conjunto MK,Conjuntos,85|90|95|100,8000,8000,8000
mk-conjuntos-8000,MK,PROMO CONJUNTOS MK 8.000,28-5681,Conjunto MK,Conjuntos,85|90|95|100,8000,8000,8000
mk-conjuntos-8000,MK,PROMO CONJUNTOS MK 8.000,28-5718,Conjunto MK,Conjuntos,85|90|95|100,8000,8000,8000
mk-conjuntos-8000,MK,PROMO CONJUNTOS MK 8.000,28-5648,Conjunto MK,Conjuntos,85|90|95|100,8000,8000,8000

mk-conjuntos-10000,MK,PROMO CONJUNTOS MK 10.000,28-5598,Conjunto MK,Conjuntos,85|90|95|100,10000,10000,10000
mk-conjuntos-10000,MK,PROMO CONJUNTOS MK 10.000,28-5646,Conjunto MK,Conjuntos,85|90|95|100,10000,10000,10000
mk-of1000,MK,PROMO CONJUNTOS MK OF1000,28-OF1000,Conjunto MK OF1000,Conjuntos,85|90|95|100,12000,10000,10000


coa-medias,COA COA,PROMO MEDIAS COA COA,14-2000M,Media COA COA,Medias,ÚNICO,2300,2000,1800
coa-medias,COA COA,PROMO MEDIAS COA COA,14-2050,Media COA COA,Medias,ÚNICO,2300,2000,1800
coa-medias,COA COA,PROMO MEDIAS COA COA,14-2070,Media COA COA,Medias,ÚNICO,2300,2000,1800
coa-medias,COA COA,PROMO MEDIAS COA COA,14-2090,Media COA COA,Medias,ÚNICO,2300,2000,1800
coa-medias,COA COA,PROMO MEDIAS COA COA,14-2100M,Media COA COA,Medias,ÚNICO,2300,2000,1800



coa-medias,COA COA,PROMO MEDIAS COA COA,1-6142,Media COA COA,Medias,ÚNICO,2300,2000,1800
coa-medias,COA COA,PROMO MEDIAS COA COA,14-3070,Media COA COA,Medias,ÚNICO,2300,2000,1800
coa-medias,COA COA,PROMO MEDIAS COA COA,14-3090,Media COA COA,Medias,ÚNICO,2300,2000,1800
coa-medias,COA COA,PROMO MEDIAS COA COA,14-3100,Media COA COA,Medias,ÚNICO,2300,2000,1800


mk-medias-hombre,MK,PROMO MEDIAS HOMBRE MK,28-6744,Media hombre MK,Medias Hombre,ÚNICO,4000,3333,2600
mk-medias-hombre,MK,PROMO MEDIAS HOMBRE MK,28-67113.1,Media hombre MK,Medias Hombre,ÚNICO,4000,3333,2600
mk-medias-hombre,MK,PROMO MEDIAS HOMBRE MK,28-67113.2,Media hombre MK,Medias Hombre,ÚNICO,4000,3333,2600
mk-medias-hombre,MK,PROMO MEDIAS HOMBRE MK,28-67113.3,Media hombre MK,Medias Hombre,ÚNICO,4000,3333,2600
mk-medias-hombre,MK,PROMO MEDIAS HOMBRE MK,28-67113.4,Media hombre MK,Medias Hombre,ÚNICO,4000,3333,2600
mk-medias-hombre,MK,PROMO MEDIAS HOMBRE MK,28-67115.1,Media hombre MK,Medias Hombre,ÚNICO,4000,3333,2600
mk-medias-hombre,MK,PROMO MEDIAS HOMBRE MK,28-67115.2,Media hombre MK,Medias Hombre,ÚNICO,4000,3333,2600
mk-medias-hombre,MK,PROMO MEDIAS HOMBRE MK,28-67115.3,Media hombre MK,Medias Hombre,ÚNICO,4000,3333,2600
mk-medias-hombre,MK,PROMO MEDIAS HOMBRE MK,28-67115.4,Media hombre MK,Medias Hombre,ÚNICO,4000,3333,2600
mk-medias-hombre,MK,PROMO MEDIAS HOMBRE MK,28-67116.1,Media hombre MK,Medias Hombre,ÚNICO,4000,3333,2600
mk-medias-hombre,MK,PROMO MEDIAS HOMBRE MK,28-67116.2,Media hombre MK,Medias Hombre,ÚNICO,4000,3333,2600
mk-medias-hombre,MK,PROMO MEDIAS HOMBRE MK,28-67202.1,Media hombre MK,Medias Hombre,ÚNICO,4000,3333,2600
mk-medias-hombre,MK,PROMO MEDIAS HOMBRE MK,28-67202.2,Media hombre MK,Medias Hombre,ÚNICO,4000,3333,2600
mk-medias-hombre,MK,PROMO MEDIAS HOMBRE MK,28-6775,Media hombre MK,Medias Hombre,ÚNICO,4000,3333,2600
mk-medias-hombre,MK,PROMO MEDIAS HOMBRE MK,28-6777,Media hombre MK,Medias Hombre,ÚNICO,4000,3333,2600
mk-medias-hombre,MK,PROMO MEDIAS HOMBRE MK,28-6784,Media hombre MK,Medias Hombre,ÚNICO,4000,3333,2600
mk-medias-hombre,MK,PROMO MEDIAS HOMBRE MK,28-6787,Media hombre MK,Medias Hombre,ÚNICO,4000,3333,2600
mk-medias-hombre,MK,PROMO MEDIAS HOMBRE MK,28-6354,Media hombre MK,Medias Hombre,ÚNICO,4000,3333,2600
mk-medias-hombre,MK,PROMO MEDIAS HOMBRE MK,28-6700,Media hombre MK,Medias Hombre,ÚNICO,4000,3333,2600
mk-medias-hombre,MK,PROMO MEDIAS HOMBRE MK,28-6701,Media hombre MK,Medias Hombre,ÚNICO,4000,3333,2600
mk-medias-hombre,MK,PROMO MEDIAS HOMBRE MK,"28-67103,1",Media hombre MK,Medias Hombre,ÚNICO,4000,3333,2600
mk-medias-hombre,MK,PROMO MEDIAS HOMBRE MK,28-6300,Media hombre MK,Medias Hombre,ÚNICO,4000,3333,2600
mk-medias-hombre,MK,PROMO MEDIAS HOMBRE MK,28-6305,Media hombre MK,Medias Hombre,ÚNICO,4000,3333,2600
mk-medias-hombre,MK,PROMO MEDIAS HOMBRE MK,28-6358,Media hombre MK,Medias Hombre,ÚNICO,4000,3333,2600
mk-medias-hombre,MK,PROMO MEDIAS HOMBRE MK,28-6363,Media hombre MK,Medias Hombre,ÚNICO,4000,3333,2600




dufour-medias-docena,DUFOUR,PROMO MEDIAS DUFOUR X DOCENA,21-2331,Medias Dufour docena,Medias,ÚNICO,875,875,875
cocot-pack-medias,COCOT,PROMO PACK MEDIAS COCOT,40-3253.3,Pack medias COCOT,Medias,ÚNICO,4500,4000,4000
cocot-pack-medias,COCOT,PROMO PACK MEDIAS COCOT,40-3124.3,Pack medias COCOT,Medias,ÚNICO,4500,4000,4000
disney-boxer-20700,DISNEY,BOXER DISNEY,40-20700,Boxer Disney,Boxer,S|M|L,4000,3200,2500
disney-boxer-20701,DISNEY,BOXER DISNEY (modelo 20701),40-20701,Boxer Disney,Boxer,S|M|L,3500,3000,2355
disney-boxer-20702-20750,DISNEY,BOXER DISNEY (otros),40-20702,Boxer Disney,Boxer,S|M|L,4200,4200,3235



dufour-zorba-boxer,DUFOUR/ZORBA,PROMO BOXER (mix),21-11831,Boxer mix,Boxer,S|M|L|XL,3800,2900,2350
dufour-zorba-boxer,DUFOUR/ZORBA,PROMO BOXER (mix),21-11971,Boxer mix,Boxer,S|M|L|XL,3800,2900,2350
dufour-zorba-boxer,DUFOUR/ZORBA,PROMO BOXER (mix),21-11812,Boxer mix,Boxer,S|M|L|XL,3800,2900,2350
dufour-zorba-boxer,DUFOUR/ZORBA,PROMO BOXER (mix),21-11855,Boxer mix,Boxer,S|M|L|XL,3800,2900,2350
dufour-zorba-boxer,DUFOUR/ZORBA,PROMO BOXER (mix),21-11789,Boxer mix,Boxer,S|M|L|XL,3800,2900,2350

dufour-boxer-docena,DUFOUR,PROMO BOXER DUFOUR POR DOCENA,21-11812.9,Boxer Dufour docena,Boxer,S|M|L|XL,27000,27000,27000
dufour-boxer-docena,DUFOUR,PROMO BOXER DUFOUR POR DOCENA,21-11788.9,Boxer Dufour docena,Boxer,S|M|L|XL,27000,27000,27000
dufour-boxer-docena,DUFOUR,PROMO BOXER DUFOUR POR DOCENA,21-11737.9,Boxer Dufour docena,Boxer,S|M|L|XL,27000,27000,27000

dufour-pack-boxer-x3,DUFOUR,PROMO PACK BOXER DUFOUR (x3),21-11737.4,Pack boxer Dufour,Boxer,S|M|L|XL,8500,7000,6500

dufour-boxer,DUFOUR,PROMO BOXER DUFOUR,21-11754,Boxer Dufour,Boxer,S|M|L|XL,7000,6000,5000
dufour-boxer,DUFOUR,PROMO BOXER DUFOUR,21-11755,Boxer Dufour,Boxer,S|M|L|XL,7000,6000,5000
dufour-boxer,DUFOUR,PROMO BOXER DUFOUR,21-11756,Boxer Dufour,Boxer,S|M|L|XL,7000,6000,5000
dufour-boxer,DUFOUR,PROMO BOXER DUFOUR,21-11757,Boxer Dufour,Boxer,S|M|L|XL,7000,6000,5000
dufour-boxer,DUFOUR,PROMO BOXER DUFOUR,21-11758,Boxer Dufour,Boxer,S|M|L|XL,7000,6000,5000
dufour-boxer,DUFOUR,PROMO BOXER DUFOUR,21-11778,Boxer Dufour,Boxer,S|M|L|XL,7000,6000,5000
dufour-boxer,DUFOUR,PROMO BOXER DUFOUR,21-11779,Boxer Dufour,Boxer,S|M|L|XL,7000,6000,5000
dufour-boxer,DUFOUR,PROMO BOXER DUFOUR,21-11785,Boxer Dufour,Boxer,S|M|L|XL,7000,6000,5000
dufour-boxer,DUFOUR,PROMO BOXER DUFOUR,21-11794,Boxer Dufour,Boxer,S|M|L|XL,7000,6000,5000
dufour-boxer,DUFOUR,PROMO BOXER DUFOUR,21-11843,Boxer Dufour,Boxer,S|M|L|XL,7000,6000,5000
dufour-boxer,DUFOUR,PROMO BOXER DUFOUR,21-12051,Boxer Dufour,Boxer,S|M|L|XL,7000,6000,5000
dufour-boxer,DUFOUR,PROMO BOXER DUFOUR,21-12058,Boxer Dufour,Boxer,S|M|L|XL,7000,6000,5000



cocot-pack-medias-x3,COCOT,PACK MEDIAS COCOT x3,40-3334.3M,Pack x3 COCOT,Medias,ÚNICO,7500,4125,4125

xy-kaury-natubel-acrobata-boxer,XY/KAURY MEN/NATUBEL/ACROBATA/RIO,PROMO BOXER XY-KAURY MEN - NATUBEL - ACROBATA,52-33,Boxer varias marcas,Boxer,S|M|L|XL|XXL,10000,8000,7000
xy-kaury-natubel-acrobata-boxer,XY/KAURY MEN/NATUBEL/ACROBATA/RIO,PROMO BOXER XY-KAURY MEN - NATUBEL - ACROBATA,52-37,Boxer varias marcas,Boxer,S|M|L|XL|XXL,10000,8000,7000
xy-kaury-natubel-acrobata-boxer,XY/KAURY MEN/NATUBEL/ACROBATA/RIO,PROMO BOXER XY-KAURY MEN - NATUBEL - ACROBATA,52-J87,Boxer varias marcas,Boxer,S|M|L|XL|XXL,10000,8000,7000
xy-kaury-natubel-acrobata-boxer,XY/KAURY MEN/NATUBEL/ACROBATA/RIO,PROMO BOXER XY-KAURY MEN - NATUBEL - ACROBATA,52-10,Boxer varias marcas,Boxer,S|M|L|XL|XXL,10000,8000,7000
xy-kaury-natubel-acrobata-boxer,XY/KAURY MEN/NATUBEL/ACROBATA/RIO,PROMO BOXER XY-KAURY MEN - NATUBEL - ACROBATA,52-11,Boxer varias marcas,Boxer,S|M|L|XL|XXL,10000,8000,7000

promo-conjuntos-natubel,Natubel,PROMO CONJUNTOS NATUBEL,38-22,PROMO CONJUNTOS NATUBEL,Conjuntos,85|90|95|100|105,15000,10000,8000
promo-conjuntos-natubel,Natubel,PROMO CONJUNTOS NATUBEL,38-25,PROMO CONJUNTOS NATUBEL,Conjuntos,85|90|95|100|105,15000,10000,8000
promo-conjuntos-natubel,Natubel,PROMO CONJUNTOS NATUBEL,38-380,PROMO CONJUNTOS NATUBEL,Conjuntos,85|90|95|100|105,15000,10000,8000
promo-conjuntos-natubel,Natubel,PROMO CONJUNTOS NATUBEL,38-350,PROMO CONJUNTOS NATUBEL,Conjuntos,85|90|95|100|105,15000,10000,8000
promo-conjuntos-natubel,Natubel,PROMO CONJUNTOS NATUBEL,38-340,PROMO CONJUNTOS NATUBEL,Conjuntos,85|90|95|100|105,15000,10000,8000
promo-conjuntos-natubel,Natubel,PROMO CONJUNTOS NATUBEL,38-370,PROMO CONJUNTOS NATUBEL,Conjuntos,85|90|95|100|105,15000,10000,8000



xy-kaury-natubel-acrobata-boxer,XY/KAURY MEN/NATUBEL/ACROBATA/RIO,PROMO BOXER XY-KAURY MEN - NATUBEL - ACROBATA,24-1387,Boxer varias marcas,Boxer,S|M|L|XL|XXL,10000,8000,7000


boxer-generico-6000-5000-4000,VARIOS,PROMO BOXER,52-J110,Boxer,Boxer,S|M|L|XL,6000,5000,4000
boxer-generico-6000-5000-4000,VARIOS,PROMO BOXER,1-2069,Boxer,Boxer,S|M|L|XL,6000,5000,4000
boxer-generico-6000-5000-4000,VARIOS,PROMO BOXER,1-5031,Boxer,Boxer,S|M|L|XL,6000,5000,4000
boxer-generico-6000-5000-4000,VARIOS,PROMO BOXER,1-5467,Boxer,Boxer,S|M|L|XL,6000,5000,4000


natubel-conjuntos-varios-1,NATUBEL,PROMO CONJUNTOS NATUBEL,38-22,Conjunto Natubel,Conjuntos,85|90|95|100,9000,7500,7500
natubel-conjuntos-varios-1,NATUBEL,PROMO CONJUNTOS NATUBEL,38-25,Conjunto Natubel,Conjuntos,85|90|95|100,9000,7500,7500




kaury-conjuntos-otros,KAURY,PROMO CONJUNTOS KAURY,29-J77,Conjunto KAURY,Conjuntos,85|90|95|100,7500,6500,5500
kaury-conjuntos-otros,KAURY,PROMO CONJUNTOS KAURY,29-J18,Conjunto KAURY,Conjuntos,85|90|95|100,7500,6500,5500



